{"cameraMode":{"drawMode":0,"name":"Shaded","section":"Shading Mode"},"sceneLighting":false,"audioPlay":false,"sceneViewState":{"m_AlwaysRefresh":false,"showFog":true,"showSkybox":false,"showFlares":true,"showImageEffects":true,"showParticleSystems":true,"showVisualEffectGraphs":true,"m_FxEnabled":true},"in2DMode":false,"pivot":{"x":0.000005697346750821453,"y":0.00001534306829853449,"z":1.0714938980527222e-7},"rotation":{"x":0.0907135009765625,"y":-0.0874246209859848,"z":-0.007994214072823525,"w":-0.9920036196708679},"size":0.000017320508050033823,"orthographic":false}