{"cameraMode":{"drawMode":0,"name":"Shaded","section":"Shading Mode"},"sceneLighting":false,"audioPlay":false,"sceneViewState":{"m_AlwaysRefresh":false,"showFog":true,"showSkybox":false,"showFlares":true,"showImageEffects":true,"showParticleSystems":true,"showVisualEffectGraphs":true,"m_FxEnabled":true},"in2DMode":false,"pivot":{"x":-25.548341751098634,"y":22.387714385986329,"z":67.72019958496094},"rotation":{"x":0.09299156069755554,"y":-0.06419018656015396,"z":0.005995600949972868,"w":0.993674099445343},"size":2.345207929611206,"orthographic":false}