{"cameraMode":{"drawMode":0,"name":"Shaded","section":"Shading Mode"},"sceneLighting":false,"audioPlay":false,"sceneViewState":{"m_AlwaysRefresh":false,"showFog":true,"showSkybox":false,"showFlares":true,"showImageEffects":true,"showParticleSystems":true,"showVisualEffectGraphs":true,"m_FxEnabled":true},"in2DMode":false,"pivot":{"x":11.832246780395508,"y":2.597034454345703,"z":13.401069641113282},"rotation":{"x":-0.17785128951072694,"y":-0.12628217041492463,"z":0.02301894500851631,"w":-0.9756560325622559},"size":42.73183059692383,"orthographic":false}