{"cameraMode":{"drawMode":0,"name":"Shaded","section":"Shading Mode"},"sceneLighting":false,"audioPlay":false,"sceneViewState":{"m_AlwaysRefresh":false,"showFog":true,"showSkybox":false,"showFlares":true,"showImageEffects":true,"showParticleSystems":true,"showVisualEffectGraphs":true,"m_FxEnabled":true},"in2DMode":false,"pivot":{"x":-0.7703590393066406,"y":3.799996852874756,"z":16.104591369628908},"rotation":{"x":0.2721368670463562,"y":-0.18164169788360597,"z":0.052391551434993747,"w":0.9435105919837952},"size":8.022920608520508,"orthographic":false}